{
  "camera_matrix":[[1395.3709390074625, 0.0, 984.6248356317226], [0.0, 1396.2122002126725, 534.9517311724618], [0.0, 0.0, 1.0]],
  "dist": [[0.1097213194870457, -0.1989645299789654, -0.002106454674127449, 0.004428959364733587, 0.06865838341764481]],
  "width": 1920,
  "height": 1080
}