{
    "camera_data": {
        "camera_look_at": {
            "at": [
                -0.5353316159589643,
                0.8621403245093575,
                -0.9139448837346855
            ],
            "eye": [
                0,
                0,
                0
            ],
            "up": [
                0.941639247836183,
                0.42108408826759525,
                -0.6600670520786238
            ]
        },
        "camera_view_matrix": [
            [
                -0.11461377143859863,
                0.9128058552742004,
                0.39198073744773865,
                0.0
            ],
            [
                -0.7552645802497864,
                0.1762528419494629,
                -0.6312766075134277,
                0.0
            ],
            [
                -0.6453206539154053,
                -0.36840224266052246,
                0.6692091226577759,
                0.0
            ],
            [
                0.0,
                0.0,
                0.0,
                1.0
            ]
        ],
        "height": 480,
        "intrinsics": {
            "cx": 320.0,
            "cy": 240.0,
            "fx": 644.0872802734375,
            "fy": 642.8598022460938
        },
        "location_world": [
            0.0,
            0.0,
            0.0
        ],
        "quaternion_world_xyzw": [
            0.09990536421537399,
            0.3942263126373291,
            -0.6339499950408936,
            0.6578084826469421
        ],
        "width": 640
    },
    "objects": [
        {
            "bounding_box": {
                "bottom_right": [
                    451,
                    211
                ],
                "top_left": [
                    7,
                    -11
                ]
            },
            "class": "dope",
            "location": [
                -0.21144908666610718,
                0.17136627435684204,
                -1.8664026260375977
            ],
            "name": "dope_chessboard_0",
            "projected_cuboid": [
                [
                    289.41869735717773,
                    111.1446475982666
                ],
                [
                    291.84600830078125,
                    111.55839443206787
                ],
                [
                    168.68797302246094,
                    133.96296501159668
                ],
                [
                    166.23680114746094,
                    133.3842945098877
                ],
                [
                    289.16276931762695,
                    234.19352531433105
                ],
                [
                    291.4161491394043,
                    234.9324131011963
                ],
                [
                    178.5664939880371,
                    277.88463592529297
                ],
                [
                    176.2877655029297,
                    276.8659973144531
                ]
            ],
            "projected_cuboid_centroid": [
                236.65538787841797,
                190.50936698913574
            ],
            "provenance": "nvisii",
            "quaternion_xyzw": [
                -0.7021532654762268,
                -0.5984987020492554,
                -0.3672565817832947,
                -0.11791001260280609
            ],
            "quaternion_xyzw_world": [
                -0.997862696647644,
                0.041640251874923706,
                0.050178635865449905,
                -0.004291717428714037
            ],
            "segmentation_id": 1,
            "visibility_image": 1
        }
    ]
}